<?xml version="1.0" encoding="UTF-8"?>
<Configuration>
 	<Properties>
        <Property name="LOG_PATTERN">
            %d{yyyy-MM-dd HH:mm:ss.SSS} %5p ${hostName} --- [%15.15t] %-40.40c{1.} : %m%n%ex
        </Property>
        <Property name="SUBJECT" value="${ERROR}"/>
       
    </Properties>
    <Appenders>
        <Console name="Console" target="SYSTEM_OUT">
            <PatternLayout
                pattern="%style{%d{ISO8601}}{black} %highlight{%-5level }[%style{%t}{bright,blue}] %style{%C{1.}}{bright,yellow}: %msg%n%throwable" />
        </Console>
 
        <RollingFile name="RollingFile"
            fileName="./logs/spring-boot-logger-log4j2.log"
            filePattern="./logs/$${date:yyyy-MM}/spring-boot-logger-log4j2-%d{-dd-MMMM-yyyy}-%i.log.gz">
            <PatternLayout>
                <pattern>%d %p %C{1.} [%t] %m%n</pattern>
            </PatternLayout>
            <Policies>
                <!-- rollover on startup, daily and when the file reaches 
                    10 MegaBytes -->
                <OnStartupTriggeringPolicy />
                <SizeBasedTriggeringPolicy
                    size="10 MB" />
                <TimeBasedTriggeringPolicy />
            </Policies>
        </RollingFile>
             <SMTP name="MailAppender"
      		to="reports@erelego.com"
      		from="reports@erelego.com"
      		smtpHost="mail.erelego.com"
      		smtpPort="26"
      		smtpUsername="reports@erelego.com"
      		smtpPassword="Reports@123"
      		bufferSize="1">
      		<subject>${SUBJECT}</subject>
    <ThresholdFilter level="ERROR" onMatch="ACCEPT" onMismatch="DENY"/>
    <PatternLayout>
        <Pattern>${LOG_PATTERN}</Pattern>
    </PatternLayout> 
</SMTP>  


       
    </Appenders>
 
    <Loggers>
        <!-- LOG everything at INFO level -->
        <Root level="info">
            <AppenderRef ref="Console" />
            <AppenderRef ref="RollingFile" />
            <!--  AppenderRef ref="MailAppender" />-->
        </Root>
 	
        
        <Logger name="com.erelego" level="info"></Logger>
    </Loggers>
 
</Configuration>