{
	"ReceiptHeaderData" :[
		{
			"Title":"Unpaid",
			"Value" :"10"
		},
		{
			"Title":"This Month",
			"Value" :"100000"
		},
		{
			"Title":"Last Month",
			"Value" :"100000"
		},
		{
			"Title":"This FY",
			"Value" :"0"
		}
	],
	"PaymentOverview" :[
		{
			"Head":"Month",
			"Value" :"November"
		},
		{
			"Head":"Gross Amount",
			"Value" :"1000000"
		},
		{
			"Head":"GST",
			"Value" :"10000"
		},
		{
			"Head":"TDS",
			"Value" :"10000"
		},
		{
			"Head":"Net Payable",
			"Value" :"11000"
		},
		{
			"Head":"Pending Payment",
			"Value" :"11000"
		}
	],
	"RaisedInvoices" :[
		{
			"Head":"Month",
			"Value" :"November"
		},
		{
			"Head":"Impression",
			"Value" :"Impression"
		},
		{
			"Head":"Net Amount",
			"Value" :"1000000"
		},
		
		{
			"Head":"GST",
			"Value" :"10000"
		},
		{
			"Head":"Gross Amount",
			"Value" :"11000"
		}
	]	
}


 